PROFILE_ID,USER_ID,PROFILE_AGE,PROFILE_NAME,PROFILE_CODE,NON_INDEXED,PROFILE_DATE
1,1,19,"PROFILE1","PCODE1","NON1",2025-05-11
2,2,20,"PROFILE2","PCODE2","NON2",2025-05-10
3,3,21,"PROFILE3","PCODE3","NON3",2025-05-09
4,4,22,"PROFILE4","PCODE4","NON4",2025-05-08
5,5,23,"PROFILE5","PCODE5","NON5",2025-05-07
6,6,24,"PROFILE6","PCODE6","NON6",2025-05-06
7,7,25,"PROFILE7","PCODE7","NON7",2025-05-05
8,8,26,"PROFILE8","PCODE8","NON8",2025-05-04
9,9,27,"PROFILE9","PCODE9","NON9",2025-05-03
10,10,28,"PROFILE10","PCODE10","NON10",2025-05-02
11,11,29,"PROFILE11","PCODE11","NON11",2025-05-01
12,12,30,"PROFILE12","PCODE12","NON12",2025-04-30
13,13,31,"PROFILE13","PCODE13","NON13",2025-04-29
14,14,32,"PROFILE14","PCODE14","NON14",2025-04-28
15,15,33,"PROFILE15","PCODE15","NON15",2025-04-27
16,16,34,"PROFILE16","PCODE16","NON16",2025-04-26
17,17,35,"PROFILE17","PCODE17","NON17",2025-04-25
18,18,36,"PROFILE18","PCODE18","NON18",2025-04-24
19,19,37,"PROFILE19","PCODE19","NON19",2025-04-23
20,20,38,"PROFILE20","PCODE20","NON20",2025-04-22
21,21,39,"PROFILE21","PCODE21","NON21",2025-04-21
22,22,40,"PROFILE22","PCODE22","NON22",2025-04-20
23,23,41,"PROFILE23","PCODE23","NON23",2025-04-19
24,24,42,"PROFILE24","PCODE24","NON24",2025-04-18
25,25,43,"PROFILE25","PCODE25","NON25",2025-04-17
26,26,44,"PROFILE26","PCODE26","NON26",2025-04-16
27,27,45,"PROFILE27","PCODE27","NON27",2025-04-15
28,28,46,"PROFILE28","PCODE28","NON28",2025-04-14
29,29,47,"PROFILE29","PCODE29","NON29",2025-04-13
30,30,48,"PROFILE30","PCODE30","NON30",2025-04-12
31,31,49,"PROFILE31","PCODE31","NON31",2025-04-11
32,32,50,"PROFILE32","PCODE32","NON32",2025-04-10
33,33,51,"PROFILE33","PCODE33","NON33",2025-04-09
34,34,52,"PROFILE34","PCODE34","NON34",2025-04-08
35,35,53,"PROFILE35","PCODE35","NON35",2025-04-07
36,36,54,"PROFILE36","PCODE36","NON36",2025-04-06
37,37,55,"PROFILE37","PCODE37","NON37",2025-04-05
38,38,56,"PROFILE38","PCODE38","NON38",2025-04-04
39,39,57,"PROFILE39","PCODE39","NON39",2025-04-03
40,40,58,"PROFILE40","PCODE40","NON40",2025-04-02
41,41,59,"PROFILE41","PCODE41","NON41",2025-04-01
42,42,60,"PROFILE42","PCODE42","NON42",2025-03-31
43,43,61,"PROFILE43","PCODE43","NON43",2025-03-30
44,44,62,"PROFILE44","PCODE44","NON44",2025-03-29
45,45,63,"PROFILE45","PCODE45","NON45",2025-03-28
46,46,64,"PROFILE46","PCODE46","NON46",2025-03-27
47,47,65,"PROFILE47","PCODE47","NON47",2025-03-26
48,48,66,"PROFILE48","PCODE48","NON48",2025-03-25
49,49,67,"PROFILE49","PCODE49","NON49",2025-03-24
50,50,68,"PROFILE50","PCODE50","NON50",2025-03-23
51,51,69,"PROFILE51","PCODE51","NON51",2025-03-22
52,52,70,"PROFILE52","PCODE52","NON52",2025-03-21
53,53,71,"PROFILE53","PCODE53","NON53",2025-03-20
54,54,72,"PROFILE54","PCODE54","NON54",2025-03-19
55,55,73,"PROFILE55","PCODE55","NON55",2025-03-18
56,56,74,"PROFILE56","PCODE56","NON56",2025-03-17
57,57,75,"PROFILE57","PCODE57","NON57",2025-03-16
58,58,76,"PROFILE58","PCODE58","NON58",2025-03-15
59,59,77,"PROFILE59","PCODE59","NON59",2025-03-14
60,60,78,"PROFILE60","PCODE60","NON60",2025-03-13
61,61,79,"PROFILE61","PCODE61","NON61",2025-03-12
62,62,80,"PROFILE62","PCODE62","NON62",2025-03-11
63,63,81,"PROFILE63","PCODE63","NON63",2025-03-10
64,64,82,"PROFILE64","PCODE64","NON64",2025-03-09
65,65,83,"PROFILE65","PCODE65","NON65",2025-03-08
66,66,84,"PROFILE66","PCODE66","NON66",2025-03-07
67,67,85,"PROFILE67","PCODE67","NON67",2025-03-06
68,68,86,"PROFILE68","PCODE68","NON68",2025-03-05
69,69,87,"PROFILE69","PCODE69","NON69",2025-03-04
70,70,88,"PROFILE70","PCODE70","NON70",2025-03-03
71,71,89,"PROFILE71","PCODE71","NON71",2025-03-02
72,72,90,"PROFILE72","PCODE72","NON72",2025-03-01
73,73,91,"PROFILE73","PCODE73","NON73",2025-02-28
74,74,92,"PROFILE74","PCODE74","NON74",2025-02-27
75,75,93,"PROFILE75","PCODE75","NON75",2025-02-26
76,76,94,"PROFILE76","PCODE76","NON76",2025-02-25
77,77,95,"PROFILE77","PCODE77","NON77",2025-02-24
78,78,96,"PROFILE78","PCODE78","NON78",2025-02-23
79,79,97,"PROFILE79","PCODE79","NON79",2025-02-22
80,80,98,"PROFILE80","PCODE80","NON80",2025-02-21
81,81,99,"PROFILE81","PCODE81","NON81",2025-02-20
82,82,18,"PROFILE82","PCODE82","NON82",2025-02-19
83,83,19,"PROFILE83","PCODE83","NON83",2025-02-18
84,84,20,"PROFILE84","PCODE84","NON84",2025-02-17
85,85,21,"PROFILE85","PCODE85","NON85",2025-02-16
86,86,22,"PROFILE86","PCODE86","NON86",2025-02-15
87,87,23,"PROFILE87","PCODE87","NON87",2025-02-14
88,88,24,"PROFILE88","PCODE88","NON88",2025-02-13
89,89,25,"PROFILE89","PCODE89","NON89",2025-02-12
90,90,26,"PROFILE90","PCODE90","NON90",2025-02-11
91,91,27,"PROFILE91","PCODE91","NON91",2025-02-10
92,92,28,"PROFILE92","PCODE92","NON92",2025-02-09
93,93,29,"PROFILE93","PCODE93","NON93",2025-02-08
94,94,30,"PROFILE94","PCODE94","NON94",2025-02-07
95,95,31,"PROFILE95","PCODE95","NON95",2025-02-06
96,96,32,"PROFILE96","PCODE96","NON96",2025-02-05
97,97,33,"PROFILE97","PCODE97","NON97",2025-02-04
98,98,34,"PROFILE98","PCODE98","NON98",2025-02-03
99,99,35,"PROFILE99","PCODE99","NON99",2025-02-02
100,100,36,"PROFILE100","PCODE100","NON100",2025-02-01
101,101,37,"PROFILE101","PCODE101","NON101",2025-01-31
102,102,38,"PROFILE102","PCODE102","NON102",2025-01-30
103,103,39,"PROFILE103","PCODE103","NON103",2025-01-29
104,104,40,"PROFILE104","PCODE104","NON104",2025-01-28
105,105,41,"PROFILE105","PCODE105","NON105",2025-01-27
106,106,42,"PROFILE106","PCODE106","NON106",2025-01-26
107,107,43,"PROFILE107","PCODE107","NON107",2025-01-25
108,108,44,"PROFILE108","PCODE108","NON108",2025-01-24
109,109,45,"PROFILE109","PCODE109","NON109",2025-01-23
110,110,46,"PROFILE110","PCODE110","NON110",2025-01-22
111,111,47,"PROFILE111","PCODE111","NON111",2025-01-21
112,112,48,"PROFILE112","PCODE112","NON112",2025-01-20
113,113,49,"PROFILE113","PCODE113","NON113",2025-01-19
114,114,50,"PROFILE114","PCODE114","NON114",2025-01-18
115,115,51,"PROFILE115","PCODE115","NON115",2025-01-17
116,116,52,"PROFILE116","PCODE116","NON116",2025-01-16
117,117,53,"PROFILE117","PCODE117","NON117",2025-01-15
118,118,54,"PROFILE118","PCODE118","NON118",2025-01-14
119,119,55,"PROFILE119","PCODE119","NON119",2025-01-13
120,120,56,"PROFILE120","PCODE120","NON120",2025-01-12
121,121,57,"PROFILE121","PCODE121","NON121",2025-01-11
122,122,58,"PROFILE122","PCODE122","NON122",2025-01-10
123,123,59,"PROFILE123","PCODE123","NON123",2025-01-09
124,124,60,"PROFILE124","PCODE124","NON124",2025-01-08
125,125,61,"PROFILE125","PCODE125","NON125",2025-01-07
126,126,62,"PROFILE126","PCODE126","NON126",2025-01-06
127,127,63,"PROFILE127","PCODE127","NON127",2025-01-05
128,128,64,"PROFILE128","PCODE128","NON128",2025-01-04
129,129,65,"PROFILE129","PCODE129","NON129",2025-01-03
130,130,66,"PROFILE130","PCODE130","NON130",2025-01-02
131,131,67,"PROFILE131","PCODE131","NON131",2025-01-01
132,132,68,"PROFILE132","PCODE132","NON132",2024-12-31
133,133,69,"PROFILE133","PCODE133","NON133",2024-12-30
134,134,70,"PROFILE134","PCODE134","NON134",2024-12-29
135,135,71,"PROFILE135","PCODE135","NON135",2024-12-28
136,136,72,"PROFILE136","PCODE136","NON136",2024-12-27
137,137,73,"PROFILE137","PCODE137","NON137",2024-12-26
138,138,74,"PROFILE138","PCODE138","NON138",2024-12-25
139,139,75,"PROFILE139","PCODE139","NON139",2024-12-24
140,140,76,"PROFILE140","PCODE140","NON140",2024-12-23
141,141,77,"PROFILE141","PCODE141","NON141",2024-12-22
142,142,78,"PROFILE142","PCODE142","NON142",2024-12-21
143,143,79,"PROFILE143","PCODE143","NON143",2024-12-20
144,144,80,"PROFILE144","PCODE144","NON144",2024-12-19
145,145,81,"PROFILE145","PCODE145","NON145",2024-12-18
146,146,82,"PROFILE146","PCODE146","NON146",2024-12-17
147,147,83,"PROFILE147","PCODE147","NON147",2024-12-16
148,148,84,"PROFILE148","PCODE148","NON148",2024-12-15
149,149,85,"PROFILE149","PCODE149","NON149",2024-12-14
150,150,86,"PROFILE150","PCODE150","NON150",2024-12-13
151,151,87,"PROFILE151","PCODE151","NON151",2024-12-12
152,152,88,"PROFILE152","PCODE152","NON152",2024-12-11
153,153,89,"PROFILE153","PCODE153","NON153",2024-12-10
154,154,90,"PROFILE154","PCODE154","NON154",2024-12-09
155,155,91,"PROFILE155","PCODE155","NON155",2024-12-08
156,156,92,"PROFILE156","PCODE156","NON156",2024-12-07
157,157,93,"PROFILE157","PCODE157","NON157",2024-12-06
158,158,94,"PROFILE158","PCODE158","NON158",2024-12-05
159,159,95,"PROFILE159","PCODE159","NON159",2024-12-04
160,160,96,"PROFILE160","PCODE160","NON160",2024-12-03
161,161,97,"PROFILE161","PCODE161","NON161",2024-12-02
162,162,98,"PROFILE162","PCODE162","NON162",2024-12-01
163,163,99,"PROFILE163","PCODE163","NON163",2024-11-30
164,164,18,"PROFILE164","PCODE164","NON164",2024-11-29
165,165,19,"PROFILE165","PCODE165","NON165",2024-11-28
166,166,20,"PROFILE166","PCODE166","NON166",2024-11-27
167,167,21,"PROFILE167","PCODE167","NON167",2024-11-26
168,168,22,"PROFILE168","PCODE168","NON168",2024-11-25
169,169,23,"PROFILE169","PCODE169","NON169",2024-11-24
170,170,24,"PROFILE170","PCODE170","NON170",2024-11-23
171,171,25,"PROFILE171","PCODE171","NON171",2024-11-22
172,172,26,"PROFILE172","PCODE172","NON172",2024-11-21
173,173,27,"PROFILE173","PCODE173","NON173",2024-11-20
174,174,28,"PROFILE174","PCODE174","NON174",2024-11-19
175,175,29,"PROFILE175","PCODE175","NON175",2024-11-18
176,176,30,"PROFILE176","PCODE176","NON176",2024-11-17
177,177,31,"PROFILE177","PCODE177","NON177",2024-11-16
178,178,32,"PROFILE178","PCODE178","NON178",2024-11-15
179,179,33,"PROFILE179","PCODE179","NON179",2024-11-14
180,180,34,"PROFILE180","PCODE180","NON180",2024-11-13
181,181,35,"PROFILE181","PCODE181","NON181",2024-11-12
182,182,36,"PROFILE182","PCODE182","NON182",2024-11-11
183,183,37,"PROFILE183","PCODE183","NON183",2024-11-10
184,184,38,"PROFILE184","PCODE184","NON184",2024-11-09
185,185,39,"PROFILE185","PCODE185","NON185",2024-11-08
186,186,40,"PROFILE186","PCODE186","NON186",2024-11-07
187,187,41,"PROFILE187","PCODE187","NON187",2024-11-06
188,188,42,"PROFILE188","PCODE188","NON188",2024-11-05
189,189,43,"PROFILE189","PCODE189","NON189",2024-11-04
190,190,44,"PROFILE190","PCODE190","NON190",2024-11-03
191,191,45,"PROFILE191","PCODE191","NON191",2024-11-02
192,192,46,"PROFILE192","PCODE192","NON192",2024-11-01
193,193,47,"PROFILE193","PCODE193","NON193",2024-10-31
194,194,48,"PROFILE194","PCODE194","NON194",2024-10-30
195,195,49,"PROFILE195","PCODE195","NON195",2024-10-29
196,196,50,"PROFILE196","PCODE196","NON196",2024-10-28
197,197,51,"PROFILE197","PCODE197","NON197",2024-10-27
198,198,52,"PROFILE198","PCODE198","NON198",2024-10-26
199,199,53,"PROFILE199","PCODE199","NON199",2024-10-25
200,200,54,"PROFILE200","PCODE200","NON200",2024-10-24
201,201,55,"PROFILE201","PCODE201","NON201",2024-10-23
202,202,56,"PROFILE202","PCODE202","NON202",2024-10-22
203,203,57,"PROFILE203","PCODE203","NON203",2024-10-21
204,204,58,"PROFILE204","PCODE204","NON204",2024-10-20
205,205,59,"PROFILE205","PCODE205","NON205",2024-10-19
206,206,60,"PROFILE206","PCODE206","NON206",2024-10-18
207,207,61,"PROFILE207","PCODE207","NON207",2024-10-17
208,208,62,"PROFILE208","PCODE208","NON208",2024-10-16
209,209,63,"PROFILE209","PCODE209","NON209",2024-10-15
210,210,64,"PROFILE210","PCODE210","NON210",2024-10-14
211,211,65,"PROFILE211","PCODE211","NON211",2024-10-13
212,212,66,"PROFILE212","PCODE212","NON212",2024-10-12
213,213,67,"PROFILE213","PCODE213","NON213",2024-10-11
214,214,68,"PROFILE214","PCODE214","NON214",2024-10-10
215,215,69,"PROFILE215","PCODE215","NON215",2024-10-09
216,216,70,"PROFILE216","PCODE216","NON216",2024-10-08
217,217,71,"PROFILE217","PCODE217","NON217",2024-10-07
218,218,72,"PROFILE218","PCODE218","NON218",2024-10-06
219,219,73,"PROFILE219","PCODE219","NON219",2024-10-05
220,220,74,"PROFILE220","PCODE220","NON220",2024-10-04
221,221,75,"PROFILE221","PCODE221","NON221",2024-10-03
222,222,76,"PROFILE222","PCODE222","NON222",2024-10-02
223,223,77,"PROFILE223","PCODE223","NON223",2024-10-01
224,224,78,"PROFILE224","PCODE224","NON224",2024-09-30
225,225,79,"PROFILE225","PCODE225","NON225",2024-09-29
226,226,80,"PROFILE226","PCODE226","NON226",2024-09-28
227,227,81,"PROFILE227","PCODE227","NON227",2024-09-27
228,228,82,"PROFILE228","PCODE228","NON228",2024-09-26
229,229,83,"PROFILE229","PCODE229","NON229",2024-09-25
230,230,84,"PROFILE230","PCODE230","NON230",2024-09-24
231,231,85,"PROFILE231","PCODE231","NON231",2024-09-23
232,232,86,"PROFILE232","PCODE232","NON232",2024-09-22
233,233,87,"PROFILE233","PCODE233","NON233",2024-09-21
234,234,88,"PROFILE234","PCODE234","NON234",2024-09-20
235,235,89,"PROFILE235","PCODE235","NON235",2024-09-19
236,236,90,"PROFILE236","PCODE236","NON236",2024-09-18
237,237,91,"PROFILE237","PCODE237","NON237",2024-09-17
238,238,92,"PROFILE238","PCODE238","NON238",2024-09-16
239,239,93,"PROFILE239","PCODE239","NON239",2024-09-15
240,240,94,"PROFILE240","PCODE240","NON240",2024-09-14
241,241,95,"PROFILE241","PCODE241","NON241",2024-09-13
242,242,96,"PROFILE242","PCODE242","NON242",2024-09-12
243,243,97,"PROFILE243","PCODE243","NON243",2024-09-11
244,244,98,"PROFILE244","PCODE244","NON244",2024-09-10
245,245,99,"PROFILE245","PCODE245","NON245",2024-09-09
246,246,18,"PROFILE246","PCODE246","NON246",2024-09-08
247,247,19,"PROFILE247","PCODE247","NON247",2024-09-07
248,248,20,"PROFILE248","PCODE248","NON248",2024-09-06
249,249,21,"PROFILE249","PCODE249","NON249",2024-09-05
250,250,22,"PROFILE250","PCODE250","NON250",2024-09-04
251,251,23,"PROFILE251","PCODE251","NON251",2024-09-03
252,252,24,"PROFILE252","PCODE252","NON252",2024-09-02
253,253,25,"PROFILE253","PCODE253","NON253",2024-09-01
254,254,26,"PROFILE254","PCODE254","NON254",2024-08-31
255,255,27,"PROFILE255","PCODE255","NON255",2024-08-30
256,256,28,"PROFILE256","PCODE256","NON256",2024-08-29
257,257,29,"PROFILE257","PCODE257","NON257",2024-08-28
258,258,30,"PROFILE258","PCODE258","NON258",2024-08-27
259,259,31,"PROFILE259","PCODE259","NON259",2024-08-26
260,260,32,"PROFILE260","PCODE260","NON260",2024-08-25
261,261,33,"PROFILE261","PCODE261","NON261",2024-08-24
262,262,34,"PROFILE262","PCODE262","NON262",2024-08-23
263,263,35,"PROFILE263","PCODE263","NON263",2024-08-22
264,264,36,"PROFILE264","PCODE264","NON264",2024-08-21
265,265,37,"PROFILE265","PCODE265","NON265",2024-08-20
266,266,38,"PROFILE266","PCODE266","NON266",2024-08-19
267,267,39,"PROFILE267","PCODE267","NON267",2024-08-18
268,268,40,"PROFILE268","PCODE268","NON268",2024-08-17
269,269,41,"PROFILE269","PCODE269","NON269",2024-08-16
270,270,42,"PROFILE270","PCODE270","NON270",2024-08-15
271,271,43,"PROFILE271","PCODE271","NON271",2024-08-14
272,272,44,"PROFILE272","PCODE272","NON272",2024-08-13
273,273,45,"PROFILE273","PCODE273","NON273",2024-08-12
274,274,46,"PROFILE274","PCODE274","NON274",2024-08-11
275,275,47,"PROFILE275","PCODE275","NON275",2024-08-10
276,276,48,"PROFILE276","PCODE276","NON276",2024-08-09
277,277,49,"PROFILE277","PCODE277","NON277",2024-08-08
278,278,50,"PROFILE278","PCODE278","NON278",2024-08-07
279,279,51,"PROFILE279","PCODE279","NON279",2024-08-06
280,280,52,"PROFILE280","PCODE280","NON280",2024-08-05
281,281,53,"PROFILE281","PCODE281","NON281",2024-08-04
282,282,54,"PROFILE282","PCODE282","NON282",2024-08-03
283,283,55,"PROFILE283","PCODE283","NON283",2024-08-02
284,284,56,"PROFILE284","PCODE284","NON284",2024-08-01
285,285,57,"PROFILE285","PCODE285","NON285",2024-07-31
286,286,58,"PROFILE286","PCODE286","NON286",2024-07-30
287,287,59,"PROFILE287","PCODE287","NON287",2024-07-29
288,288,60,"PROFILE288","PCODE288","NON288",2024-07-28
289,289,61,"PROFILE289","PCODE289","NON289",2024-07-27
290,290,62,"PROFILE290","PCODE290","NON290",2024-07-26
291,291,63,"PROFILE291","PCODE291","NON291",2024-07-25
292,292,64,"PROFILE292","PCODE292","NON292",2024-07-24
293,293,65,"PROFILE293","PCODE293","NON293",2024-07-23
294,294,66,"PROFILE294","PCODE294","NON294",2024-07-22
295,295,67,"PROFILE295","PCODE295","NON295",2024-07-21
296,296,68,"PROFILE296","PCODE296","NON296",2024-07-20
297,297,69,"PROFILE297","PCODE297","NON297",2024-07-19
298,298,70,"PROFILE298","PCODE298","NON298",2024-07-18
299,299,71,"PROFILE299","PCODE299","NON299",2024-07-17
300,300,72,"PROFILE300","PCODE300","NON300",2024-07-16
301,301,73,"PROFILE301","PCODE301","NON301",2024-07-15
302,302,74,"PROFILE302","PCODE302","NON302",2024-07-14
303,303,75,"PROFILE303","PCODE303","NON303",2024-07-13
304,304,76,"PROFILE304","PCODE304","NON304",2024-07-12
305,305,77,"PROFILE305","PCODE305","NON305",2024-07-11
306,306,78,"PROFILE306","PCODE306","NON306",2024-07-10
307,307,79,"PROFILE307","PCODE307","NON307",2024-07-09
308,308,80,"PROFILE308","PCODE308","NON308",2024-07-08
309,309,81,"PROFILE309","PCODE309","NON309",2024-07-07
310,310,82,"PROFILE310","PCODE310","NON310",2024-07-06
311,311,83,"PROFILE311","PCODE311","NON311",2024-07-05
312,312,84,"PROFILE312","PCODE312","NON312",2024-07-04
313,313,85,"PROFILE313","PCODE313","NON313",2024-07-03
314,314,86,"PROFILE314","PCODE314","NON314",2024-07-02
315,315,87,"PROFILE315","PCODE315","NON315",2024-07-01
316,316,88,"PROFILE316","PCODE316","NON316",2024-06-30
317,317,89,"PROFILE317","PCODE317","NON317",2024-06-29
318,318,90,"PROFILE318","PCODE318","NON318",2024-06-28
319,319,91,"PROFILE319","PCODE319","NON319",2024-06-27
320,320,92,"PROFILE320","PCODE320","NON320",2024-06-26
321,321,93,"PROFILE321","PCODE321","NON321",2024-06-25
322,322,94,"PROFILE322","PCODE322","NON322",2024-06-24
323,323,95,"PROFILE323","PCODE323","NON323",2024-06-23
324,324,96,"PROFILE324","PCODE324","NON324",2024-06-22
325,325,97,"PROFILE325","PCODE325","NON325",2024-06-21
326,326,98,"PROFILE326","PCODE326","NON326",2024-06-20
327,327,99,"PROFILE327","PCODE327","NON327",2024-06-19
328,328,18,"PROFILE328","PCODE328","NON328",2024-06-18
329,329,19,"PROFILE329","PCODE329","NON329",2024-06-17
330,330,20,"PROFILE330","PCODE330","NON330",2024-06-16
331,331,21,"PROFILE331","PCODE331","NON331",2024-06-15
332,332,22,"PROFILE332","PCODE332","NON332",2024-06-14
333,333,23,"PROFILE333","PCODE333","NON333",2024-06-13
334,334,24,"PROFILE334","PCODE334","NON334",2024-06-12
335,335,25,"PROFILE335","PCODE335","NON335",2024-06-11
336,336,26,"PROFILE336","PCODE336","NON336",2024-06-10
337,337,27,"PROFILE337","PCODE337","NON337",2024-06-09
338,338,28,"PROFILE338","PCODE338","NON338",2024-06-08
339,339,29,"PROFILE339","PCODE339","NON339",2024-06-07
340,340,30,"PROFILE340","PCODE340","NON340",2024-06-06
341,341,31,"PROFILE341","PCODE341","NON341",2024-06-05
342,342,32,"PROFILE342","PCODE342","NON342",2024-06-04
343,343,33,"PROFILE343","PCODE343","NON343",2024-06-03
344,344,34,"PROFILE344","PCODE344","NON344",2024-06-02
345,345,35,"PROFILE345","PCODE345","NON345",2024-06-01
346,346,36,"PROFILE346","PCODE346","NON346",2024-05-31
347,347,37,"PROFILE347","PCODE347","NON347",2024-05-30
348,348,38,"PROFILE348","PCODE348","NON348",2024-05-29
349,349,39,"PROFILE349","PCODE349","NON349",2024-05-28
350,350,40,"PROFILE350","PCODE350","NON350",2024-05-27
351,351,41,"PROFILE351","PCODE351","NON351",2024-05-26
352,352,42,"PROFILE352","PCODE352","NON352",2024-05-25
353,353,43,"PROFILE353","PCODE353","NON353",2024-05-24
354,354,44,"PROFILE354","PCODE354","NON354",2024-05-23
355,355,45,"PROFILE355","PCODE355","NON355",2024-05-22
356,356,46,"PROFILE356","PCODE356","NON356",2024-05-21
357,357,47,"PROFILE357","PCODE357","NON357",2024-05-20
358,358,48,"PROFILE358","PCODE358","NON358",2024-05-19
359,359,49,"PROFILE359","PCODE359","NON359",2024-05-18
360,360,50,"PROFILE360","PCODE360","NON360",2024-05-17
361,361,51,"PROFILE361","PCODE361","NON361",2024-05-16
362,362,52,"PROFILE362","PCODE362","NON362",2024-05-15
363,363,53,"PROFILE363","PCODE363","NON363",2024-05-14
364,364,54,"PROFILE364","PCODE364","NON364",2024-05-13
365,365,55,"PROFILE365","PCODE365","NON365",2024-05-12
366,366,56,"PROFILE366","PCODE366","NON366",2024-05-11
367,367,57,"PROFILE367","PCODE367","NON367",2024-05-10
368,368,58,"PROFILE368","PCODE368","NON368",2024-05-09
369,369,59,"PROFILE369","PCODE369","NON369",2024-05-08
370,370,60,"PROFILE370","PCODE370","NON370",2024-05-07
371,371,61,"PROFILE371","PCODE371","NON371",2024-05-06
372,372,62,"PROFILE372","PCODE372","NON372",2024-05-05
373,373,63,"PROFILE373","PCODE373","NON373",2024-05-04
374,374,64,"PROFILE374","PCODE374","NON374",2024-05-03
375,375,65,"PROFILE375","PCODE375","NON375",2024-05-02
376,376,66,"PROFILE376","PCODE376","NON376",2024-05-01
377,377,67,"PROFILE377","PCODE377","NON377",2024-04-30
378,378,68,"PROFILE378","PCODE378","NON378",2024-04-29
379,379,69,"PROFILE379","PCODE379","NON379",2024-04-28
380,380,70,"PROFILE380","PCODE380","NON380",2024-04-27
381,381,71,"PROFILE381","PCODE381","NON381",2024-04-26
382,382,72,"PROFILE382","PCODE382","NON382",2024-04-25
383,383,73,"PROFILE383","PCODE383","NON383",2024-04-24
384,384,74,"PROFILE384","PCODE384","NON384",2024-04-23
385,385,75,"PROFILE385","PCODE385","NON385",2024-04-22
386,386,76,"PROFILE386","PCODE386","NON386",2024-04-21
387,387,77,"PROFILE387","PCODE387","NON387",2024-04-20
388,388,78,"PROFILE388","PCODE388","NON388",2024-04-19
389,389,79,"PROFILE389","PCODE389","NON389",2024-04-18
390,390,80,"PROFILE390","PCODE390","NON390",2024-04-17
391,391,81,"PROFILE391","PCODE391","NON391",2024-04-16
392,392,82,"PROFILE392","PCODE392","NON392",2024-04-15
393,393,83,"PROFILE393","PCODE393","NON393",2024-04-14
394,394,84,"PROFILE394","PCODE394","NON394",2024-04-13
395,395,85,"PROFILE395","PCODE395","NON395",2024-04-12
396,396,86,"PROFILE396","PCODE396","NON396",2024-04-11
397,397,87,"PROFILE397","PCODE397","NON397",2024-04-10
398,398,88,"PROFILE398","PCODE398","NON398",2024-04-09
399,399,89,"PROFILE399","PCODE399","NON399",2024-04-08
400,400,90,"PROFILE400","PCODE400","NON400",2024-04-07
401,401,91,"PROFILE401","PCODE401","NON401",2024-04-06
402,402,92,"PROFILE402","PCODE402","NON402",2024-04-05
403,403,93,"PROFILE403","PCODE403","NON403",2024-04-04
404,404,94,"PROFILE404","PCODE404","NON404",2024-04-03
405,405,95,"PROFILE405","PCODE405","NON405",2024-04-02
406,406,96,"PROFILE406","PCODE406","NON406",2024-04-01
407,407,97,"PROFILE407","PCODE407","NON407",2024-03-31
408,408,98,"PROFILE408","PCODE408","NON408",2024-03-30
409,409,99,"PROFILE409","PCODE409","NON409",2024-03-29
410,410,18,"PROFILE410","PCODE410","NON410",2024-03-28
411,411,19,"PROFILE411","PCODE411","NON411",2024-03-27
412,412,20,"PROFILE412","PCODE412","NON412",2024-03-26
413,413,21,"PROFILE413","PCODE413","NON413",2024-03-25
414,414,22,"PROFILE414","PCODE414","NON414",2024-03-24
415,415,23,"PROFILE415","PCODE415","NON415",2024-03-23
416,416,24,"PROFILE416","PCODE416","NON416",2024-03-22
417,417,25,"PROFILE417","PCODE417","NON417",2024-03-21
418,418,26,"PROFILE418","PCODE418","NON418",2024-03-20
419,419,27,"PROFILE419","PCODE419","NON419",2024-03-19
420,420,28,"PROFILE420","PCODE420","NON420",2024-03-18
421,421,29,"PROFILE421","PCODE421","NON421",2024-03-17
422,422,30,"PROFILE422","PCODE422","NON422",2024-03-16
423,423,31,"PROFILE423","PCODE423","NON423",2024-03-15
424,424,32,"PROFILE424","PCODE424","NON424",2024-03-14
425,425,33,"PROFILE425","PCODE425","NON425",2024-03-13
426,426,34,"PROFILE426","PCODE426","NON426",2024-03-12
427,427,35,"PROFILE427","PCODE427","NON427",2024-03-11
428,428,36,"PROFILE428","PCODE428","NON428",2024-03-10
429,429,37,"PROFILE429","PCODE429","NON429",2024-03-09
430,430,38,"PROFILE430","PCODE430","NON430",2024-03-08
431,431,39,"PROFILE431","PCODE431","NON431",2024-03-07
432,432,40,"PROFILE432","PCODE432","NON432",2024-03-06
433,433,41,"PROFILE433","PCODE433","NON433",2024-03-05
434,434,42,"PROFILE434","PCODE434","NON434",2024-03-04
435,435,43,"PROFILE435","PCODE435","NON435",2024-03-03
436,436,44,"PROFILE436","PCODE436","NON436",2024-03-02
437,437,45,"PROFILE437","PCODE437","NON437",2024-03-01
438,438,46,"PROFILE438","PCODE438","NON438",2024-02-29
439,439,47,"PROFILE439","PCODE439","NON439",2024-02-28
440,440,48,"PROFILE440","PCODE440","NON440",2024-02-27
441,441,49,"PROFILE441","PCODE441","NON441",2024-02-26
442,442,50,"PROFILE442","PCODE442","NON442",2024-02-25
443,443,51,"PROFILE443","PCODE443","NON443",2024-02-24
444,444,52,"PROFILE444","PCODE444","NON444",2024-02-23
445,445,53,"PROFILE445","PCODE445","NON445",2024-02-22
446,446,54,"PROFILE446","PCODE446","NON446",2024-02-21
447,447,55,"PROFILE447","PCODE447","NON447",2024-02-20
448,448,56,"PROFILE448","PCODE448","NON448",2024-02-19
449,449,57,"PROFILE449","PCODE449","NON449",2024-02-18
450,450,58,"PROFILE450","PCODE450","NON450",2024-02-17
451,451,59,"PROFILE451","PCODE451","NON451",2024-02-16
452,452,60,"PROFILE452","PCODE452","NON452",2024-02-15
453,453,61,"PROFILE453","PCODE453","NON453",2024-02-14
454,454,62,"PROFILE454","PCODE454","NON454",2024-02-13
455,455,63,"PROFILE455","PCODE455","NON455",2024-02-12
456,456,64,"PROFILE456","PCODE456","NON456",2024-02-11
457,457,65,"PROFILE457","PCODE457","NON457",2024-02-10
458,458,66,"PROFILE458","PCODE458","NON458",2024-02-09
459,459,67,"PROFILE459","PCODE459","NON459",2024-02-08
460,460,68,"PROFILE460","PCODE460","NON460",2024-02-07
461,461,69,"PROFILE461","PCODE461","NON461",2024-02-06
462,462,70,"PROFILE462","PCODE462","NON462",2024-02-05
463,463,71,"PROFILE463","PCODE463","NON463",2024-02-04
464,464,72,"PROFILE464","PCODE464","NON464",2024-02-03
465,465,73,"PROFILE465","PCODE465","NON465",2024-02-02
466,466,74,"PROFILE466","PCODE466","NON466",2024-02-01
467,467,75,"PROFILE467","PCODE467","NON467",2024-01-31
468,468,76,"PROFILE468","PCODE468","NON468",2024-01-30
469,469,77,"PROFILE469","PCODE469","NON469",2024-01-29
470,470,78,"PROFILE470","PCODE470","NON470",2024-01-28
471,471,79,"PROFILE471","PCODE471","NON471",2024-01-27
472,472,80,"PROFILE472","PCODE472","NON472",2024-01-26
473,473,81,"PROFILE473","PCODE473","NON473",2024-01-25
474,474,82,"PROFILE474","PCODE474","NON474",2024-01-24
475,475,83,"PROFILE475","PCODE475","NON475",2024-01-23
476,476,84,"PROFILE476","PCODE476","NON476",2024-01-22
477,477,85,"PROFILE477","PCODE477","NON477",2024-01-21
478,478,86,"PROFILE478","PCODE478","NON478",2024-01-20
479,479,87,"PROFILE479","PCODE479","NON479",2024-01-19
480,480,88,"PROFILE480","PCODE480","NON480",2024-01-18
481,481,89,"PROFILE481","PCODE481","NON481",2024-01-17
482,482,90,"PROFILE482","PCODE482","NON482",2024-01-16
483,483,91,"PROFILE483","PCODE483","NON483",2024-01-15
484,484,92,"PROFILE484","PCODE484","NON484",2024-01-14
485,485,93,"PROFILE485","PCODE485","NON485",2024-01-13
486,486,94,"PROFILE486","PCODE486","NON486",2024-01-12
487,487,95,"PROFILE487","PCODE487","NON487",2024-01-11
488,488,96,"PROFILE488","PCODE488","NON488",2024-01-10
489,489,97,"PROFILE489","PCODE489","NON489",2024-01-09
490,490,98,"PROFILE490","PCODE490","NON490",2024-01-08
491,491,99,"PROFILE491","PCODE491","NON491",2024-01-07
492,492,18,"PROFILE492","PCODE492","NON492",2024-01-06
493,493,19,"PROFILE493","PCODE493","NON493",2024-01-05
494,494,20,"PROFILE494","PCODE494","NON494",2024-01-04
495,495,21,"PROFILE495","PCODE495","NON495",2024-01-03
496,496,22,"PROFILE496","PCODE496","NON496",2024-01-02
497,497,23,"PROFILE497","PCODE497","NON497",2024-01-01
498,498,24,"PROFILE498","PCODE498","NON498",2023-12-31
499,499,25,"PROFILE499","PCODE499","NON499",2023-12-30
500,500,26,"PROFILE500","PCODE500","NON500",2023-12-29
501,501,27,"PROFILE501","PCODE501","NON501",2023-12-28
502,502,28,"PROFILE502","PCODE502","NON502",2023-12-27
503,503,29,"PROFILE503","PCODE503","NON503",2023-12-26
504,504,30,"PROFILE504","PCODE504","NON504",2023-12-25
505,505,31,"PROFILE505","PCODE505","NON505",2023-12-24
506,506,32,"PROFILE506","PCODE506","NON506",2023-12-23
507,507,33,"PROFILE507","PCODE507","NON507",2023-12-22
508,508,34,"PROFILE508","PCODE508","NON508",2023-12-21
509,509,35,"PROFILE509","PCODE509","NON509",2023-12-20
510,510,36,"PROFILE510","PCODE510","NON510",2023-12-19
511,511,37,"PROFILE511","PCODE511","NON511",2023-12-18
512,512,38,"PROFILE512","PCODE512","NON512",2023-12-17
513,513,39,"PROFILE513","PCODE513","NON513",2023-12-16
514,514,40,"PROFILE514","PCODE514","NON514",2023-12-15
515,515,41,"PROFILE515","PCODE515","NON515",2023-12-14
516,516,42,"PROFILE516","PCODE516","NON516",2023-12-13
517,517,43,"PROFILE517","PCODE517","NON517",2023-12-12
518,518,44,"PROFILE518","PCODE518","NON518",2023-12-11
519,519,45,"PROFILE519","PCODE519","NON519",2023-12-10
520,520,46,"PROFILE520","PCODE520","NON520",2023-12-09
521,521,47,"PROFILE521","PCODE521","NON521",2023-12-08
522,522,48,"PROFILE522","PCODE522","NON522",2023-12-07
523,523,49,"PROFILE523","PCODE523","NON523",2023-12-06
524,524,50,"PROFILE524","PCODE524","NON524",2023-12-05
525,525,51,"PROFILE525","PCODE525","NON525",2023-12-04
526,526,52,"PROFILE526","PCODE526","NON526",2023-12-03
527,527,53,"PROFILE527","PCODE527","NON527",2023-12-02
528,528,54,"PROFILE528","PCODE528","NON528",2023-12-01
529,529,55,"PROFILE529","PCODE529","NON529",2023-11-30
530,530,56,"PROFILE530","PCODE530","NON530",2023-11-29
531,531,57,"PROFILE531","PCODE531","NON531",2023-11-28
532,532,58,"PROFILE532","PCODE532","NON532",2023-11-27
533,533,59,"PROFILE533","PCODE533","NON533",2023-11-26
534,534,60,"PROFILE534","PCODE534","NON534",2023-11-25
535,535,61,"PROFILE535","PCODE535","NON535",2023-11-24
536,536,62,"PROFILE536","PCODE536","NON536",2023-11-23
537,537,63,"PROFILE537","PCODE537","NON537",2023-11-22
538,538,64,"PROFILE538","PCODE538","NON538",2023-11-21
539,539,65,"PROFILE539","PCODE539","NON539",2023-11-20
540,540,66,"PROFILE540","PCODE540","NON540",2023-11-19
541,541,67,"PROFILE541","PCODE541","NON541",2023-11-18
542,542,68,"PROFILE542","PCODE542","NON542",2023-11-17
543,543,69,"PROFILE543","PCODE543","NON543",2023-11-16
544,544,70,"PROFILE544","PCODE544","NON544",2023-11-15
545,545,71,"PROFILE545","PCODE545","NON545",2023-11-14
546,546,72,"PROFILE546","PCODE546","NON546",2023-11-13
547,547,73,"PROFILE547","PCODE547","NON547",2023-11-12
548,548,74,"PROFILE548","PCODE548","NON548",2023-11-11
549,549,75,"PROFILE549","PCODE549","NON549",2023-11-10
550,550,76,"PROFILE550","PCODE550","NON550",2023-11-09
551,551,77,"PROFILE551","PCODE551","NON551",2023-11-08
552,552,78,"PROFILE552","PCODE552","NON552",2023-11-07
553,553,79,"PROFILE553","PCODE553","NON553",2023-11-06
554,554,80,"PROFILE554","PCODE554","NON554",2023-11-05
555,555,81,"PROFILE555","PCODE555","NON555",2023-11-04
556,556,82,"PROFILE556","PCODE556","NON556",2023-11-03
557,557,83,"PROFILE557","PCODE557","NON557",2023-11-02
558,558,84,"PROFILE558","PCODE558","NON558",2023-11-01
559,559,85,"PROFILE559","PCODE559","NON559",2023-10-31
560,560,86,"PROFILE560","PCODE560","NON560",2023-10-30
561,561,87,"PROFILE561","PCODE561","NON561",2023-10-29
562,562,88,"PROFILE562","PCODE562","NON562",2023-10-28
563,563,89,"PROFILE563","PCODE563","NON563",2023-10-27
564,564,90,"PROFILE564","PCODE564","NON564",2023-10-26
565,565,91,"PROFILE565","PCODE565","NON565",2023-10-25
566,566,92,"PROFILE566","PCODE566","NON566",2023-10-24
567,567,93,"PROFILE567","PCODE567","NON567",2023-10-23
568,568,94,"PROFILE568","PCODE568","NON568",2023-10-22
569,569,95,"PROFILE569","PCODE569","NON569",2023-10-21
570,570,96,"PROFILE570","PCODE570","NON570",2023-10-20
571,571,97,"PROFILE571","PCODE571","NON571",2023-10-19
572,572,98,"PROFILE572","PCODE572","NON572",2023-10-18
573,573,99,"PROFILE573","PCODE573","NON573",2023-10-17
574,574,18,"PROFILE574","PCODE574","NON574",2023-10-16
575,575,19,"PROFILE575","PCODE575","NON575",2023-10-15
576,576,20,"PROFILE576","PCODE576","NON576",2023-10-14
577,577,21,"PROFILE577","PCODE577","NON577",2023-10-13
578,578,22,"PROFILE578","PCODE578","NON578",2023-10-12
579,579,23,"PROFILE579","PCODE579","NON579",2023-10-11
580,580,24,"PROFILE580","PCODE580","NON580",2023-10-10
581,581,25,"PROFILE581","PCODE581","NON581",2023-10-09
582,582,26,"PROFILE582","PCODE582","NON582",2023-10-08
583,583,27,"PROFILE583","PCODE583","NON583",2023-10-07
584,584,28,"PROFILE584","PCODE584","NON584",2023-10-06
585,585,29,"PROFILE585","PCODE585","NON585",2023-10-05
586,586,30,"PROFILE586","PCODE586","NON586",2023-10-04
587,587,31,"PROFILE587","PCODE587","NON587",2023-10-03
588,588,32,"PROFILE588","PCODE588","NON588",2023-10-02
589,589,33,"PROFILE589","PCODE589","NON589",2023-10-01
590,590,34,"PROFILE590","PCODE590","NON590",2023-09-30
591,591,35,"PROFILE591","PCODE591","NON591",2023-09-29
592,592,36,"PROFILE592","PCODE592","NON592",2023-09-28
593,593,37,"PROFILE593","PCODE593","NON593",2023-09-27
594,594,38,"PROFILE594","PCODE594","NON594",2023-09-26
595,595,39,"PROFILE595","PCODE595","NON595",2023-09-25
596,596,40,"PROFILE596","PCODE596","NON596",2023-09-24
597,597,41,"PROFILE597","PCODE597","NON597",2023-09-23
598,598,42,"PROFILE598","PCODE598","NON598",2023-09-22
599,599,43,"PROFILE599","PCODE599","NON599",2023-09-21
600,600,44,"PROFILE600","PCODE600","NON600",2023-09-20
601,601,45,"PROFILE601","PCODE601","NON601",2023-09-19
602,602,46,"PROFILE602","PCODE602","NON602",2023-09-18
603,603,47,"PROFILE603","PCODE603","NON603",2023-09-17
604,604,48,"PROFILE604","PCODE604","NON604",2023-09-16
605,605,49,"PROFILE605","PCODE605","NON605",2023-09-15
606,606,50,"PROFILE606","PCODE606","NON606",2023-09-14
607,607,51,"PROFILE607","PCODE607","NON607",2023-09-13
608,608,52,"PROFILE608","PCODE608","NON608",2023-09-12
609,609,53,"PROFILE609","PCODE609","NON609",2023-09-11
610,610,54,"PROFILE610","PCODE610","NON610",2023-09-10
611,611,55,"PROFILE611","PCODE611","NON611",2023-09-09
612,612,56,"PROFILE612","PCODE612","NON612",2023-09-08
613,613,57,"PROFILE613","PCODE613","NON613",2023-09-07
614,614,58,"PROFILE614","PCODE614","NON614",2023-09-06
615,615,59,"PROFILE615","PCODE615","NON615",2023-09-05
616,616,60,"PROFILE616","PCODE616","NON616",2023-09-04
617,617,61,"PROFILE617","PCODE617","NON617",2023-09-03
618,618,62,"PROFILE618","PCODE618","NON618",2023-09-02
619,619,63,"PROFILE619","PCODE619","NON619",2023-09-01
620,620,64,"PROFILE620","PCODE620","NON620",2023-08-31
621,621,65,"PROFILE621","PCODE621","NON621",2023-08-30
622,622,66,"PROFILE622","PCODE622","NON622",2023-08-29
623,623,67,"PROFILE623","PCODE623","NON623",2023-08-28
624,624,68,"PROFILE624","PCODE624","NON624",2023-08-27
625,625,69,"PROFILE625","PCODE625","NON625",2023-08-26
626,626,70,"PROFILE626","PCODE626","NON626",2023-08-25
627,627,71,"PROFILE627","PCODE627","NON627",2023-08-24
628,628,72,"PROFILE628","PCODE628","NON628",2023-08-23
629,629,73,"PROFILE629","PCODE629","NON629",2023-08-22
630,630,74,"PROFILE630","PCODE630","NON630",2023-08-21
631,631,75,"PROFILE631","PCODE631","NON631",2023-08-20
632,632,76,"PROFILE632","PCODE632","NON632",2023-08-19
633,633,77,"PROFILE633","PCODE633","NON633",2023-08-18
634,634,78,"PROFILE634","PCODE634","NON634",2023-08-17
635,635,79,"PROFILE635","PCODE635","NON635",2023-08-16
636,636,80,"PROFILE636","PCODE636","NON636",2023-08-15
637,637,81,"PROFILE637","PCODE637","NON637",2023-08-14
638,638,82,"PROFILE638","PCODE638","NON638",2023-08-13
639,639,83,"PROFILE639","PCODE639","NON639",2023-08-12
640,640,84,"PROFILE640","PCODE640","NON640",2023-08-11
641,641,85,"PROFILE641","PCODE641","NON641",2023-08-10
642,642,86,"PROFILE642","PCODE642","NON642",2023-08-09
643,643,87,"PROFILE643","PCODE643","NON643",2023-08-08
644,644,88,"PROFILE644","PCODE644","NON644",2023-08-07
645,645,89,"PROFILE645","PCODE645","NON645",2023-08-06
646,646,90,"PROFILE646","PCODE646","NON646",2023-08-05
647,647,91,"PROFILE647","PCODE647","NON647",2023-08-04
648,648,92,"PROFILE648","PCODE648","NON648",2023-08-03
649,649,93,"PROFILE649","PCODE649","NON649",2023-08-02
650,650,94,"PROFILE650","PCODE650","NON650",2023-08-01
651,651,95,"PROFILE651","PCODE651","NON651",2023-07-31
652,652,96,"PROFILE652","PCODE652","NON652",2023-07-30
653,653,97,"PROFILE653","PCODE653","NON653",2023-07-29
654,654,98,"PROFILE654","PCODE654","NON654",2023-07-28
655,655,99,"PROFILE655","PCODE655","NON655",2023-07-27
656,656,18,"PROFILE656","PCODE656","NON656",2023-07-26
657,657,19,"PROFILE657","PCODE657","NON657",2023-07-25
658,658,20,"PROFILE658","PCODE658","NON658",2023-07-24
659,659,21,"PROFILE659","PCODE659","NON659",2023-07-23
660,660,22,"PROFILE660","PCODE660","NON660",2023-07-22
661,661,23,"PROFILE661","PCODE661","NON661",2023-07-21
662,662,24,"PROFILE662","PCODE662","NON662",2023-07-20
663,663,25,"PROFILE663","PCODE663","NON663",2023-07-19
664,664,26,"PROFILE664","PCODE664","NON664",2023-07-18
665,665,27,"PROFILE665","PCODE665","NON665",2023-07-17
666,666,28,"PROFILE666","PCODE666","NON666",2023-07-16
667,667,29,"PROFILE667","PCODE667","NON667",2023-07-15
668,668,30,"PROFILE668","PCODE668","NON668",2023-07-14
669,669,31,"PROFILE669","PCODE669","NON669",2023-07-13
670,670,32,"PROFILE670","PCODE670","NON670",2023-07-12
671,671,33,"PROFILE671","PCODE671","NON671",2023-07-11
672,672,34,"PROFILE672","PCODE672","NON672",2023-07-10
673,673,35,"PROFILE673","PCODE673","NON673",2023-07-09
674,674,36,"PROFILE674","PCODE674","NON674",2023-07-08
675,675,37,"PROFILE675","PCODE675","NON675",2023-07-07
676,676,38,"PROFILE676","PCODE676","NON676",2023-07-06
677,677,39,"PROFILE677","PCODE677","NON677",2023-07-05
678,678,40,"PROFILE678","PCODE678","NON678",2023-07-04
679,679,41,"PROFILE679","PCODE679","NON679",2023-07-03
680,680,42,"PROFILE680","PCODE680","NON680",2023-07-02
681,681,43,"PROFILE681","PCODE681","NON681",2023-07-01
682,682,44,"PROFILE682","PCODE682","NON682",2023-06-30
683,683,45,"PROFILE683","PCODE683","NON683",2023-06-29
684,684,46,"PROFILE684","PCODE684","NON684",2023-06-28
685,685,47,"PROFILE685","PCODE685","NON685",2023-06-27
686,686,48,"PROFILE686","PCODE686","NON686",2023-06-26
687,687,49,"PROFILE687","PCODE687","NON687",2023-06-25
688,688,50,"PROFILE688","PCODE688","NON688",2023-06-24
689,689,51,"PROFILE689","PCODE689","NON689",2023-06-23
690,690,52,"PROFILE690","PCODE690","NON690",2023-06-22
691,691,53,"PROFILE691","PCODE691","NON691",2023-06-21
692,692,54,"PROFILE692","PCODE692","NON692",2023-06-20
693,693,55,"PROFILE693","PCODE693","NON693",2023-06-19
694,694,56,"PROFILE694","PCODE694","NON694",2023-06-18
695,695,57,"PROFILE695","PCODE695","NON695",2023-06-17
696,696,58,"PROFILE696","PCODE696","NON696",2023-06-16
697,697,59,"PROFILE697","PCODE697","NON697",2023-06-15
698,698,60,"PROFILE698","PCODE698","NON698",2023-06-14
699,699,61,"PROFILE699","PCODE699","NON699",2023-06-13
700,700,62,"PROFILE700","PCODE700","NON700",2023-06-12
701,701,63,"PROFILE701","PCODE701","NON701",2023-06-11
702,702,64,"PROFILE702","PCODE702","NON702",2023-06-10
703,703,65,"PROFILE703","PCODE703","NON703",2023-06-09
704,704,66,"PROFILE704","PCODE704","NON704",2023-06-08
705,705,67,"PROFILE705","PCODE705","NON705",2023-06-07
706,706,68,"PROFILE706","PCODE706","NON706",2023-06-06
707,707,69,"PROFILE707","PCODE707","NON707",2023-06-05
708,708,70,"PROFILE708","PCODE708","NON708",2023-06-04
709,709,71,"PROFILE709","PCODE709","NON709",2023-06-03
710,710,72,"PROFILE710","PCODE710","NON710",2023-06-02
711,711,73,"PROFILE711","PCODE711","NON711",2023-06-01
712,712,74,"PROFILE712","PCODE712","NON712",2023-05-31
713,713,75,"PROFILE713","PCODE713","NON713",2023-05-30
714,714,76,"PROFILE714","PCODE714","NON714",2023-05-29
715,715,77,"PROFILE715","PCODE715","NON715",2023-05-28
716,716,78,"PROFILE716","PCODE716","NON716",2023-05-27
717,717,79,"PROFILE717","PCODE717","NON717",2023-05-26
718,718,80,"PROFILE718","PCODE718","NON718",2023-05-25
719,719,81,"PROFILE719","PCODE719","NON719",2023-05-24
720,720,82,"PROFILE720","PCODE720","NON720",2023-05-23
721,721,83,"PROFILE721","PCODE721","NON721",2023-05-22
722,722,84,"PROFILE722","PCODE722","NON722",2023-05-21
723,723,85,"PROFILE723","PCODE723","NON723",2023-05-20
724,724,86,"PROFILE724","PCODE724","NON724",2023-05-19
725,725,87,"PROFILE725","PCODE725","NON725",2023-05-18
726,726,88,"PROFILE726","PCODE726","NON726",2023-05-17
727,727,89,"PROFILE727","PCODE727","NON727",2023-05-16
728,728,90,"PROFILE728","PCODE728","NON728",2023-05-15
729,729,91,"PROFILE729","PCODE729","NON729",2023-05-14
730,730,92,"PROFILE730","PCODE730","NON730",2023-05-13
731,731,93,"PROFILE731","PCODE731","NON731",2023-05-12
732,732,94,"PROFILE732","PCODE732","NON732",2023-05-11
733,733,95,"PROFILE733","PCODE733","NON733",2023-05-10
734,734,96,"PROFILE734","PCODE734","NON734",2023-05-09
735,735,97,"PROFILE735","PCODE735","NON735",2023-05-08
736,736,98,"PROFILE736","PCODE736","NON736",2023-05-07
737,737,99,"PROFILE737","PCODE737","NON737",2023-05-06
738,738,18,"PROFILE738","PCODE738","NON738",2023-05-05
739,739,19,"PROFILE739","PCODE739","NON739",2023-05-04
740,740,20,"PROFILE740","PCODE740","NON740",2023-05-03
741,741,21,"PROFILE741","PCODE741","NON741",2023-05-02
742,742,22,"PROFILE742","PCODE742","NON742",2023-05-01
743,743,23,"PROFILE743","PCODE743","NON743",2023-04-30
744,744,24,"PROFILE744","PCODE744","NON744",2023-04-29
745,745,25,"PROFILE745","PCODE745","NON745",2023-04-28
746,746,26,"PROFILE746","PCODE746","NON746",2023-04-27
747,747,27,"PROFILE747","PCODE747","NON747",2023-04-26
748,748,28,"PROFILE748","PCODE748","NON748",2023-04-25
749,749,29,"PROFILE749","PCODE749","NON749",2023-04-24
750,750,30,"PROFILE750","PCODE750","NON750",2023-04-23
751,751,31,"PROFILE751","PCODE751","NON751",2023-04-22
752,752,32,"PROFILE752","PCODE752","NON752",2023-04-21
753,753,33,"PROFILE753","PCODE753","NON753",2023-04-20
754,754,34,"PROFILE754","PCODE754","NON754",2023-04-19
755,755,35,"PROFILE755","PCODE755","NON755",2023-04-18
756,756,36,"PROFILE756","PCODE756","NON756",2023-04-17
757,757,37,"PROFILE757","PCODE757","NON757",2023-04-16
758,758,38,"PROFILE758","PCODE758","NON758",2023-04-15
759,759,39,"PROFILE759","PCODE759","NON759",2023-04-14
760,760,40,"PROFILE760","PCODE760","NON760",2023-04-13
761,761,41,"PROFILE761","PCODE761","NON761",2023-04-12
762,762,42,"PROFILE762","PCODE762","NON762",2023-04-11
763,763,43,"PROFILE763","PCODE763","NON763",2023-04-10
764,764,44,"PROFILE764","PCODE764","NON764",2023-04-09
765,765,45,"PROFILE765","PCODE765","NON765",2023-04-08
766,766,46,"PROFILE766","PCODE766","NON766",2023-04-07
767,767,47,"PROFILE767","PCODE767","NON767",2023-04-06
768,768,48,"PROFILE768","PCODE768","NON768",2023-04-05
769,769,49,"PROFILE769","PCODE769","NON769",2023-04-04
770,770,50,"PROFILE770","PCODE770","NON770",2023-04-03
771,771,51,"PROFILE771","PCODE771","NON771",2023-04-02
772,772,52,"PROFILE772","PCODE772","NON772",2023-04-01
773,773,53,"PROFILE773","PCODE773","NON773",2023-03-31
774,774,54,"PROFILE774","PCODE774","NON774",2023-03-30
775,775,55,"PROFILE775","PCODE775","NON775",2023-03-29
776,776,56,"PROFILE776","PCODE776","NON776",2023-03-28
777,777,57,"PROFILE777","PCODE777","NON777",2023-03-27
778,778,58,"PROFILE778","PCODE778","NON778",2023-03-26
779,779,59,"PROFILE779","PCODE779","NON779",2023-03-25
780,780,60,"PROFILE780","PCODE780","NON780",2023-03-24
781,781,61,"PROFILE781","PCODE781","NON781",2023-03-23
782,782,62,"PROFILE782","PCODE782","NON782",2023-03-22
783,783,63,"PROFILE783","PCODE783","NON783",2023-03-21
784,784,64,"PROFILE784","PCODE784","NON784",2023-03-20
785,785,65,"PROFILE785","PCODE785","NON785",2023-03-19
786,786,66,"PROFILE786","PCODE786","NON786",2023-03-18
787,787,67,"PROFILE787","PCODE787","NON787",2023-03-17
788,788,68,"PROFILE788","PCODE788","NON788",2023-03-16
789,789,69,"PROFILE789","PCODE789","NON789",2023-03-15
790,790,70,"PROFILE790","PCODE790","NON790",2023-03-14
791,791,71,"PROFILE791","PCODE791","NON791",2023-03-13
792,792,72,"PROFILE792","PCODE792","NON792",2023-03-12
793,793,73,"PROFILE793","PCODE793","NON793",2023-03-11
794,794,74,"PROFILE794","PCODE794","NON794",2023-03-10
795,795,75,"PROFILE795","PCODE795","NON795",2023-03-09
796,796,76,"PROFILE796","PCODE796","NON796",2023-03-08
797,797,77,"PROFILE797","PCODE797","NON797",2023-03-07
798,798,78,"PROFILE798","PCODE798","NON798",2023-03-06
799,799,79,"PROFILE799","PCODE799","NON799",2023-03-05
800,800,80,"PROFILE800","PCODE800","NON800",2023-03-04
801,801,81,"PROFILE801","PCODE801","NON801",2023-03-03
802,802,82,"PROFILE802","PCODE802","NON802",2023-03-02
803,803,83,"PROFILE803","PCODE803","NON803",2023-03-01
804,804,84,"PROFILE804","PCODE804","NON804",2023-02-28
805,805,85,"PROFILE805","PCODE805","NON805",2023-02-27
806,806,86,"PROFILE806","PCODE806","NON806",2023-02-26
807,807,87,"PROFILE807","PCODE807","NON807",2023-02-25
808,808,88,"PROFILE808","PCODE808","NON808",2023-02-24
809,809,89,"PROFILE809","PCODE809","NON809",2023-02-23
810,810,90,"PROFILE810","PCODE810","NON810",2023-02-22
811,811,91,"PROFILE811","PCODE811","NON811",2023-02-21
812,812,92,"PROFILE812","PCODE812","NON812",2023-02-20
813,813,93,"PROFILE813","PCODE813","NON813",2023-02-19
814,814,94,"PROFILE814","PCODE814","NON814",2023-02-18
815,815,95,"PROFILE815","PCODE815","NON815",2023-02-17
816,816,96,"PROFILE816","PCODE816","NON816",2023-02-16
817,817,97,"PROFILE817","PCODE817","NON817",2023-02-15
818,818,98,"PROFILE818","PCODE818","NON818",2023-02-14
819,819,99,"PROFILE819","PCODE819","NON819",2023-02-13
820,820,18,"PROFILE820","PCODE820","NON820",2023-02-12
821,821,19,"PROFILE821","PCODE821","NON821",2023-02-11
822,822,20,"PROFILE822","PCODE822","NON822",2023-02-10
823,823,21,"PROFILE823","PCODE823","NON823",2023-02-09
824,824,22,"PROFILE824","PCODE824","NON824",2023-02-08
825,825,23,"PROFILE825","PCODE825","NON825",2023-02-07
826,826,24,"PROFILE826","PCODE826","NON826",2023-02-06
827,827,25,"PROFILE827","PCODE827","NON827",2023-02-05
828,828,26,"PROFILE828","PCODE828","NON828",2023-02-04
829,829,27,"PROFILE829","PCODE829","NON829",2023-02-03
830,830,28,"PROFILE830","PCODE830","NON830",2023-02-02
831,831,29,"PROFILE831","PCODE831","NON831",2023-02-01
832,832,30,"PROFILE832","PCODE832","NON832",2023-01-31
833,833,31,"PROFILE833","PCODE833","NON833",2023-01-30
834,834,32,"PROFILE834","PCODE834","NON834",2023-01-29
835,835,33,"PROFILE835","PCODE835","NON835",2023-01-28
836,836,34,"PROFILE836","PCODE836","NON836",2023-01-27
837,837,35,"PROFILE837","PCODE837","NON837",2023-01-26
838,838,36,"PROFILE838","PCODE838","NON838",2023-01-25
839,839,37,"PROFILE839","PCODE839","NON839",2023-01-24
840,840,38,"PROFILE840","PCODE840","NON840",2023-01-23
841,841,39,"PROFILE841","PCODE841","NON841",2023-01-22
842,842,40,"PROFILE842","PCODE842","NON842",2023-01-21
843,843,41,"PROFILE843","PCODE843","NON843",2023-01-20
844,844,42,"PROFILE844","PCODE844","NON844",2023-01-19
845,845,43,"PROFILE845","PCODE845","NON845",2023-01-18
846,846,44,"PROFILE846","PCODE846","NON846",2023-01-17
847,847,45,"PROFILE847","PCODE847","NON847",2023-01-16
848,848,46,"PROFILE848","PCODE848","NON848",2023-01-15
849,849,47,"PROFILE849","PCODE849","NON849",2023-01-14
850,850,48,"PROFILE850","PCODE850","NON850",2023-01-13
851,851,49,"PROFILE851","PCODE851","NON851",2023-01-12
852,852,50,"PROFILE852","PCODE852","NON852",2023-01-11
853,853,51,"PROFILE853","PCODE853","NON853",2023-01-10
854,854,52,"PROFILE854","PCODE854","NON854",2023-01-09
855,855,53,"PROFILE855","PCODE855","NON855",2023-01-08
856,856,54,"PROFILE856","PCODE856","NON856",2023-01-07
857,857,55,"PROFILE857","PCODE857","NON857",2023-01-06
858,858,56,"PROFILE858","PCODE858","NON858",2023-01-05
859,859,57,"PROFILE859","PCODE859","NON859",2023-01-04
860,860,58,"PROFILE860","PCODE860","NON860",2023-01-03
861,861,59,"PROFILE861","PCODE861","NON861",2023-01-02
862,862,60,"PROFILE862","PCODE862","NON862",2023-01-01
863,863,61,"PROFILE863","PCODE863","NON863",2022-12-31
864,864,62,"PROFILE864","PCODE864","NON864",2022-12-30
865,865,63,"PROFILE865","PCODE865","NON865",2022-12-29
866,866,64,"PROFILE866","PCODE866","NON866",2022-12-28
867,867,65,"PROFILE867","PCODE867","NON867",2022-12-27
868,868,66,"PROFILE868","PCODE868","NON868",2022-12-26
869,869,67,"PROFILE869","PCODE869","NON869",2022-12-25
870,870,68,"PROFILE870","PCODE870","NON870",2022-12-24
871,871,69,"PROFILE871","PCODE871","NON871",2022-12-23
872,872,70,"PROFILE872","PCODE872","NON872",2022-12-22
873,873,71,"PROFILE873","PCODE873","NON873",2022-12-21
874,874,72,"PROFILE874","PCODE874","NON874",2022-12-20
875,875,73,"PROFILE875","PCODE875","NON875",2022-12-19
876,876,74,"PROFILE876","PCODE876","NON876",2022-12-18
877,877,75,"PROFILE877","PCODE877","NON877",2022-12-17
878,878,76,"PROFILE878","PCODE878","NON878",2022-12-16
879,879,77,"PROFILE879","PCODE879","NON879",2022-12-15
880,880,78,"PROFILE880","PCODE880","NON880",2022-12-14
881,881,79,"PROFILE881","PCODE881","NON881",2022-12-13
882,882,80,"PROFILE882","PCODE882","NON882",2022-12-12
883,883,81,"PROFILE883","PCODE883","NON883",2022-12-11
884,884,82,"PROFILE884","PCODE884","NON884",2022-12-10
885,885,83,"PROFILE885","PCODE885","NON885",2022-12-09
886,886,84,"PROFILE886","PCODE886","NON886",2022-12-08
887,887,85,"PROFILE887","PCODE887","NON887",2022-12-07
888,888,86,"PROFILE888","PCODE888","NON888",2022-12-06
889,889,87,"PROFILE889","PCODE889","NON889",2022-12-05
890,890,88,"PROFILE890","PCODE890","NON890",2022-12-04
891,891,89,"PROFILE891","PCODE891","NON891",2022-12-03
892,892,90,"PROFILE892","PCODE892","NON892",2022-12-02
893,893,91,"PROFILE893","PCODE893","NON893",2022-12-01
894,894,92,"PROFILE894","PCODE894","NON894",2022-11-30
895,895,93,"PROFILE895","PCODE895","NON895",2022-11-29
896,896,94,"PROFILE896","PCODE896","NON896",2022-11-28
897,897,95,"PROFILE897","PCODE897","NON897",2022-11-27
898,898,96,"PROFILE898","PCODE898","NON898",2022-11-26
899,899,97,"PROFILE899","PCODE899","NON899",2022-11-25
900,900,98,"PROFILE900","PCODE900","NON900",2022-11-24
901,901,99,"PROFILE901","PCODE901","NON901",2022-11-23
902,902,18,"PROFILE902","PCODE902","NON902",2022-11-22
903,903,19,"PROFILE903","PCODE903","NON903",2022-11-21
904,904,20,"PROFILE904","PCODE904","NON904",2022-11-20
905,905,21,"PROFILE905","PCODE905","NON905",2022-11-19
906,906,22,"PROFILE906","PCODE906","NON906",2022-11-18
907,907,23,"PROFILE907","PCODE907","NON907",2022-11-17
908,908,24,"PROFILE908","PCODE908","NON908",2022-11-16
909,909,25,"PROFILE909","PCODE909","NON909",2022-11-15
910,910,26,"PROFILE910","PCODE910","NON910",2022-11-14
911,911,27,"PROFILE911","PCODE911","NON911",2022-11-13
912,912,28,"PROFILE912","PCODE912","NON912",2022-11-12
913,913,29,"PROFILE913","PCODE913","NON913",2022-11-11
914,914,30,"PROFILE914","PCODE914","NON914",2022-11-10
915,915,31,"PROFILE915","PCODE915","NON915",2022-11-09
916,916,32,"PROFILE916","PCODE916","NON916",2022-11-08
917,917,33,"PROFILE917","PCODE917","NON917",2022-11-07
918,918,34,"PROFILE918","PCODE918","NON918",2022-11-06
919,919,35,"PROFILE919","PCODE919","NON919",2022-11-05
920,920,36,"PROFILE920","PCODE920","NON920",2022-11-04
921,921,37,"PROFILE921","PCODE921","NON921",2022-11-03
922,922,38,"PROFILE922","PCODE922","NON922",2022-11-02
923,923,39,"PROFILE923","PCODE923","NON923",2022-11-01
924,924,40,"PROFILE924","PCODE924","NON924",2022-10-31
925,925,41,"PROFILE925","PCODE925","NON925",2022-10-30
926,926,42,"PROFILE926","PCODE926","NON926",2022-10-29
927,927,43,"PROFILE927","PCODE927","NON927",2022-10-28
928,928,44,"PROFILE928","PCODE928","NON928",2022-10-27
929,929,45,"PROFILE929","PCODE929","NON929",2022-10-26
930,930,46,"PROFILE930","PCODE930","NON930",2022-10-25
931,931,47,"PROFILE931","PCODE931","NON931",2022-10-24
932,932,48,"PROFILE932","PCODE932","NON932",2022-10-23
933,933,49,"PROFILE933","PCODE933","NON933",2022-10-22
934,934,50,"PROFILE934","PCODE934","NON934",2022-10-21
935,935,51,"PROFILE935","PCODE935","NON935",2022-10-20
936,936,52,"PROFILE936","PCODE936","NON936",2022-10-19
937,937,53,"PROFILE937","PCODE937","NON937",2022-10-18
938,938,54,"PROFILE938","PCODE938","NON938",2022-10-17
939,939,55,"PROFILE939","PCODE939","NON939",2022-10-16
940,940,56,"PROFILE940","PCODE940","NON940",2022-10-15
941,941,57,"PROFILE941","PCODE941","NON941",2022-10-14
942,942,58,"PROFILE942","PCODE942","NON942",2022-10-13
943,943,59,"PROFILE943","PCODE943","NON943",2022-10-12
944,944,60,"PROFILE944","PCODE944","NON944",2022-10-11
945,945,61,"PROFILE945","PCODE945","NON945",2022-10-10
946,946,62,"PROFILE946","PCODE946","NON946",2022-10-09
947,947,63,"PROFILE947","PCODE947","NON947",2022-10-08
948,948,64,"PROFILE948","PCODE948","NON948",2022-10-07
949,949,65,"PROFILE949","PCODE949","NON949",2022-10-06
950,950,66,"PROFILE950","PCODE950","NON950",2022-10-05
951,951,67,"PROFILE951","PCODE951","NON951",2022-10-04
952,952,68,"PROFILE952","PCODE952","NON952",2022-10-03
953,953,69,"PROFILE953","PCODE953","NON953",2022-10-02
954,954,70,"PROFILE954","PCODE954","NON954",2022-10-01
955,955,71,"PROFILE955","PCODE955","NON955",2022-09-30
956,956,72,"PROFILE956","PCODE956","NON956",2022-09-29
957,957,73,"PROFILE957","PCODE957","NON957",2022-09-28
958,958,74,"PROFILE958","PCODE958","NON958",2022-09-27
959,959,75,"PROFILE959","PCODE959","NON959",2022-09-26
960,960,76,"PROFILE960","PCODE960","NON960",2022-09-25
961,961,77,"PROFILE961","PCODE961","NON961",2022-09-24
962,962,78,"PROFILE962","PCODE962","NON962",2022-09-23
963,963,79,"PROFILE963","PCODE963","NON963",2022-09-22
964,964,80,"PROFILE964","PCODE964","NON964",2022-09-21
965,965,81,"PROFILE965","PCODE965","NON965",2022-09-20
966,966,82,"PROFILE966","PCODE966","NON966",2022-09-19
967,967,83,"PROFILE967","PCODE967","NON967",2022-09-18
968,968,84,"PROFILE968","PCODE968","NON968",2022-09-17
969,969,85,"PROFILE969","PCODE969","NON969",2022-09-16
970,970,86,"PROFILE970","PCODE970","NON970",2022-09-15
971,971,87,"PROFILE971","PCODE971","NON971",2022-09-14
972,972,88,"PROFILE972","PCODE972","NON972",2022-09-13
973,973,89,"PROFILE973","PCODE973","NON973",2022-09-12
974,974,90,"PROFILE974","PCODE974","NON974",2022-09-11
975,975,91,"PROFILE975","PCODE975","NON975",2022-09-10
976,976,92,"PROFILE976","PCODE976","NON976",2022-09-09
977,977,93,"PROFILE977","PCODE977","NON977",2022-09-08
978,978,94,"PROFILE978","PCODE978","NON978",2022-09-07
979,979,95,"PROFILE979","PCODE979","NON979",2022-09-06
980,980,96,"PROFILE980","PCODE980","NON980",2022-09-05
981,981,97,"PROFILE981","PCODE981","NON981",2022-09-04
982,982,98,"PROFILE982","PCODE982","NON982",2022-09-03
983,983,99,"PROFILE983","PCODE983","NON983",2022-09-02
984,984,18,"PROFILE984","PCODE984","NON984",2022-09-01
985,985,19,"PROFILE985","PCODE985","NON985",2022-08-31
986,986,20,"PROFILE986","PCODE986","NON986",2022-08-30
987,987,21,"PROFILE987","PCODE987","NON987",2022-08-29
988,988,22,"PROFILE988","PCODE988","NON988",2022-08-28
989,989,23,"PROFILE989","PCODE989","NON989",2022-08-27
990,990,24,"PROFILE990","PCODE990","NON990",2022-08-26
991,991,25,"PROFILE991","PCODE991","NON991",2022-08-25
992,992,26,"PROFILE992","PCODE992","NON992",2022-08-24
993,993,27,"PROFILE993","PCODE993","NON993",2022-08-23
994,994,28,"PROFILE994","PCODE994","NON994",2022-08-22
995,995,29,"PROFILE995","PCODE995","NON995",2022-08-21
996,996,30,"PROFILE996","PCODE996","NON996",2022-08-20
997,997,31,"PROFILE997","PCODE997","NON997",2022-08-19
998,998,32,"PROFILE998","PCODE998","NON998",2022-08-18
999,999,33,"PROFILE999","PCODE999","NON999",2022-08-17
1000,1000,34,"PROFILE1000","PCODE1000","NON1000",2022-08-16
